"Units","FoodAisle","Base","ACAR","ALCO","BCAR","BCRYPT","BIOT","CA","CHO","CHOL","CL","CMON","CN3","CN6","CU","ENGFIB","FAT","FE","FOLT","FRUCT","GLUC","HFE","I","K","KCALS","KJ","LACT","MALT","MG","MILK","MN","NA","NCF","NHFE","NIACEQU","NMILK","OSUG","P","PANTO","PROT","RET","RIBO","SATFA","SE","STAR","SUCR","THIA","TOTCAR","TOTNIT","TOTSUG","TRANS","VITA","VITB12","VITB6","VITC","VITD","VITE","WATER","ZN","Fruit","DriedFruit","FruitJuice","SmoothieFruit","Tomatoes","TomatoPuree","Brassicaceae","YellowRedGreen","Beans","Nuts","OtherVeg","Beef","Lamb","Pork","ProcessRedMeat","OtherRedMeat","Burgers","Sausages","Offal","Poultry","ProcessedPoultry","GameBirds","WhiteFish","OilyFish","CannedTuna","Shellfish","CottageCheese","CheddarCheese","OtherCheese","AllCheese","AllFish","AllMeat","AllAnimal","CO2e"
"Grams","Cakes, biscuits, puddings",44.045365004165234,0.40521592943870655,0.0054610913991459285,17.172574188667642,0.11438358290000432,1.7433754121901357,40.166785175937974,22.850325256629215,10.34775992543482,125.14245902907767,2.4232757781786463,0.12599662984094465,0.7342066531222867,0.06705022064751234,0.8485380036105672,6.876296275083567,0.6461533116409092,5.9724954275327775,0.8473927626565714,1.1882989880379593,0.0,4.898188392916473,87.75644154796345,157.1361545406671,660.706224688263,0.5769576718489601,0.44080020220272853,12.023341066096293,1.6942734915995834,0.21363991242867555,116.01496298928835,2.659869496691368,0.6461533116409092,1.0070359639142326,8.777368029226873,0.08908791136328384,59.6695216725905,0.19281698087478769,2.386182094194997,21.68492269681734,0.04451848587159945,3.1267644277381783,1.561122729667571,12.380104851200983,7.330620672385477,0.05552874392708651,17.438825340210894,0.4078309276442358,10.471805473717861,0.06910914278544848,24.603805192532604,0.06480092137649907,0.03695457198887852,0.3369348963614987,0.08811397609188756,0.803521200524485,11.024993562117295,0.29235118509469893,1.3572886174214724,1.1526264185418436,0.14587160617320077,0.0,0.0,0.0,0.0,0.01853496182240627,0.0,0.20996640725863527,0.0060046124763068216,0.0,0.0,0.0,0.0,0.0,0.0,0.0,0.0,0.0,0.0,0.0,0.0,0.0,0.0,0.0,0.0,0.0137624239109605,0.3544815310227414,0.3682439549337018,0.0,0.0,0.3682439549337018,114.59939016804303
"Grams","Bread, pasta, cereal",202.11414662417326,1.0350354457944249,0.0,63.68571349602751,5.71817902762868,6.033313664580898,239.628351862711,92.61590335246468,6.510599689356887,1088.7536407903863,2.343272570845923,0.20948239575315578,1.6972568364557037,0.3381310577902232,5.897757961162719,7.781963920511355,4.398734171094883,73.42737004973704,1.1870754951568405,1.0629934706121382,0.0005891066259390457,10.226463200236743,366.61233067510494,484.62113967847455,2056.262314465526,0.32372433301220516,3.288034243731541,72.60911269730278,5.843018938152118,1.6296564281534405,624.7936449605497,11.938415537450377,4.398109632635528,8.724405086839468,3.001916414812632,0.32431842766485447,286.09612953393327,1.066043408612954,16.846264249000203,19.33257391864223,0.3267924094237336,2.415367283207167,11.739686657868695,83.74470170143377,2.663075052031527,0.5162408757532888,67.02008444865425,2.8742483371829666,8.848291283387706,0.1006454528976059,30.525481170463138,0.32662648875269695,0.3298338169174219,2.693162470332015,0.3119525230080738,1.1692355993951915,81.31532877813,2.0433317284866814,0.3171686478789382,1.4257255354926321,0.0003115175718793927,0.0,2.1858177217039674,1.2311936566682553,0.0,0.442430666202348,0.2246361150019556,0.31958020628415684,0.9038920056824757,0.16406351552954246,0.0,0.003370355991419469,1.0333383517480608,0.0,0.0,0.0037003209136563407,0.0,0.25191305472577363,0.0,0.0,0.0,0.0,0.14595574983349904,0.05423285020494902,0.0,1.122999572462809,2.473456837852484,3.5964564103152945,0.2001886000384481,1.4563855989084529,5.253030609262196,536.1065954166536
"Grams","Cheese and butter",37.26674101343499,5.449524662910948,0.0,107.18067959205203,0.0,0.7962695708543754,134.48516199261437,0.25781605338812796,29.059390703572028,326.42755607200604,5.984195742735103,0.3971607828781101,1.8319155008846015,0.08046841669819645,0.0002399305505417604,17.774359072437854,0.06236813387958407,7.128327096539739,0.00012585174078916838,0.00015382003160297297,0.00016536130954631007,9.116069456910408,23.36815803075421,180.42968234991724,744.6962574044793,0.2227572624174355,1.8598021823027913e-05,5.640544695658725,0.22247845950968778,0.005083254918084126,221.40434149711257,2.363225929708303,0.062202772570037757,1.3094919335237918,0.0010971846014058068,0.000473669926882064,99.68016959142221,0.09664046679555159,4.881796527515809,152.24324174339316,0.08938166749632227,8.137011458803066,1.2321212525648044,0.03441173825716458,0.0003182374029402242,0.007547687354958285,109.94365125160226,0.7678938821491051,0.22390808738624687,0.401765314216478,170.66957463478604,0.44269767152460293,0.027912891350196565,0.0013154599210903884,0.5637197825854394,1.5873023428739368,13.228399963707053,0.7081344802546088,0.0013984145406902295,0.0,0.0,0.0,0.0,0.0,0.0,0.0006992072703451148,0.0,0.0,0.0006992072703451148,0.0,0.0,0.0,0.0,0.0,0.0,0.0,0.0,0.0,0.0,0.0,0.0,0.0,0.0,0.0,0.8280616584688115,13.30997941900792,5.989136741848026,20.12717781932476,0.0,0.0,20.12717781932476,330.9659342768244
"Grams","Eggs",25.34242312674469,0.022220501104339055,0.0,2.6552441278570713,0.05458564566271322,4.208646861446452,15.479752646019264,0.5480952068204502,88.05692431017438,67.76509597714585,1.1910757269196823,0.05157433501382424,0.42166906175414276,0.018092688620255357,0.032592351301311384,2.9879244156376346,0.46293579153244385,8.089992292476309,0.006615502901233665,0.008189878979534262,0.001298113853324595,12.580326004846844,36.005222139537636,42.20969335400855,175.72638791894386,0.03946070700958485,0.007159573476658219,3.458022406131289,0.0725108215887379,0.01137864730789965,52.38361776550938,1.6340034026364183,0.4616376776791192,0.8934832512847047,0.05777309518781291,0.0022616313371390997,49.46668086023425,0.30013823423171554,3.3167965254681815,34.443627555618804,0.10522273952059372,0.858134544221264,5.724273957916515,0.4178246070967073,0.06604960375507861,0.020329660591574317,2.6933139466620477,0.5348235117030656,0.13028391677655088,0.013550491272688281,34.89179580944182,0.503535414934399,0.024793476162328465,0.05049560446486346,0.7106551442577064,0.4460014004566815,18.15409310503083,0.3132923609393443,0.0097321943509318,0.0,0.0,0.0,0.06861593676072716,0.0,0.02070969310951556,0.01801536368123965,0.0,0.0,0.09086956037689554,0.0,0.0,0.0,0.19058258569208578,0.0,0.0,0.0,0.0,0.0,0.0,0.0,0.0,0.0,0.0,0.0,0.0,0.09795241445353133,0.09339952304873961,0.19135193750227092,0.0,0.19058258569208578,0.3819345231943567,124.2971591208062
"Grams","Other drinks",3.5663536093317183,0.0,0.0,0.580809187793749,0.0,0.4044847902391432,6.056473330318762,1.6578361232670327,0.06746914957847215,11.794546568272166,0.03284772938410767,0.0012884529210649752,0.011455532838131244,0.02725242512160198,0.06577982491086551,0.18893731032033587,0.11228629173356962,1.7551189208576716,0.011923836908768325,0.0518818632625633,0.0,1.437301517943711,17.33981434893818,9.563949715452077,40.525056212284255,0.6208655092732477,0.0309806409371361,3.524635103868812,0.6025157244836263,0.011441148046649025,11.866619370560635,0.22078021123127203,0.11228629173356962,0.19173721630048157,0.69722988649497,0.09474554045421216,7.672970240851427,0.052387573904040315,0.41237149997700795,4.711878346763271,0.017486075433757402,0.13341680708692302,0.18347617325388593,0.3585365590132833,0.48955335531768435,0.013407765371311367,0.5841338016131783,0.06824076387443952,1.2992995642537482,0.0010391103997777235,4.810350414153172,0.0203680268838526,0.018637777641702977,0.4774686782719187,0.04636331100935739,0.054989351564822604,1.173442854279965,0.0784028340341877,0.0,0.0,0.0,0.0,0.0,0.0,0.0,0.0,0.0,0.0,0.0,0.0,0.0,0.0,0.0,0.0,0.0,0.0,0.0,0.0,0.0,0.0,0.0,0.0,0.0,0.0,0.0,0.0,0.0,0.0,0.0,0.0,0.0,23.482665645698535
"Grams","Sugar, sweets",16.596091062221838,0.0,0.0,0.8043139012187029,0.022597409884245752,0.008489341029871287,2.2077598111330965,15.90045200335899,0.08072382748511295,7.915333583517223,0.06057161971194539,0.003421328632958621,0.024090720743403106,0.017968673103547297,0.017041867504967417,0.16349132799958302,0.0527940916834777,0.11357850571184076,0.09259474365362431,0.27531209647111426,0.0,0.14440585784456716,4.983000791799178,61.454983199955514,261.83321359854716,0.005726842665717263,0.13325120224594117,0.8107660780112568,0.06696332248595263,0.008232804051020927,4.253921111374125,3.24782640231334,0.0527940916834777,0.01421718777213913,15.746437494411909,0.36554617662017935,1.0168457507694435,0.0009768611850651556,0.09260051575601212,0.08470645856364578,0.0013301863835812513,0.06351183346045823,0.010312432633931902,0.08698778179707155,14.940482066535727,0.00031179272132828066,0.8156126061608259,0.015321177628617262,15.813464221561917,0.0031216399807206382,0.21916280201762922,0.0004531312753317598,0.0006115873643474037,0.17033133638173736,3.8009846972791206e-05,0.026747274600788056,0.5848720893059465,0.022391047657459966,0.0,0.00329897376106386,0.19048421868477944,0.0,0.0,0.0,0.0,0.0,0.0,0.0759020343719377,0.005577977927323466,0.0,0.0,0.0,0.0,0.0,0.0,0.0,0.0,0.0,0.0,0.0,0.0,0.0,0.0,0.0,0.0,0.0,0.0,0.0,0.0,0.0,0.0,6.5789538700744075
"Grams","Chicken and turkey",54.928844445317615,3.3153821113558704,0.0,29.561160063178423,1.7834977330797042,1.240495099425896,10.724812401848942,2.354561491394441,42.020717840787405,131.93809648010765,1.662650161158365,0.13102388461100184,0.6647311360645153,0.04008056625668773,0.1987654078424709,3.825315884251022,0.40339071176041164,5.2108104713247805,0.11955319995200336,0.12591443144556808,0.12184961548788409,3.7902812692011407,183.0502202611437,94.98989171621291,399.07150273199386,0.05930426547267205,0.03215764029981009,15.070844298368907,0.27848246391528336,0.0418646017214815,96.97778859182732,3.2401615431008732,0.2774654342134502,7.795225615336248,0.21376044804508332,0.024034416028835326,120.31152768971666,0.6734987857725944,12.933246680526587,4.2232848443913324,0.07479136944370893,0.9610248054103242,7.224230542883336,1.8579641068517603,0.1361275482508273,0.05219973315902645,32.11255715546357,1.9123386961536322,0.4909031914973563,0.03984802617824056,9.57154671563796,0.12729437502145105,0.22196352106021763,0.29209691320007036,0.14550296889397843,0.3896144118826969,34.727866517590456,0.5236615679809744,0.07874718505450744,0.001678852366935941,0.05335824846693181,0.0,0.6107960817798389,0.2356370079023887,0.034994971103360896,0.2505857779184642,0.0,0.04377889027061591,1.3337501497176285,0.0,0.0,0.0,0.013712951991334875,0.0,0.0,0.0,0.0,43.14642294353918,0.01134342210624017,0.0,0.0,0.0,0.0,0.0,0.0,0.0220561515576865,0.04315144572232218,0.06520759728000869,0.0,43.171479317636745,43.236686914916746,279.93933335633744
"Grams","Fruit, fruit juice",167.3859159229293,9.085365577664533,0.0,62.10310756875022,32.97911518656489,2.241464444226652,19.5479127288102,20.806506691496995,0.0,118.60742442406122,0.2606640766450517,0.039466669135435624,0.11424871952144704,0.09345602797733095,1.5652850459764682,0.6465301840498784,0.4205418560892328,25.87104107694561,8.395556426922596,6.673017640912774,0.0,3.1345334597843584,315.4486624972776,88.96489214162467,378.7523383262376,0.0,0.0014680962076740627,20.303235396793756,14.241934924365594,0.25523538294326553,13.892287925647612,10.44631945120015,0.4205418560892328,0.8780498455103798,5.758977188834215,0.021294369203298056,27.565544410538028,0.3799827620322625,1.3011643275953348,0.0,0.051963170387459984,0.1390611436355246,0.2705041087142409,0.8063859051052046,4.900852689004351,0.2131804538988302,82.98464238320322,0.20268267116423747,20.000088995945195,0.00014761814948606106,13.741760985244511,0.02262485262052564,0.19825380377844212,35.29527132079478,0.0,0.4635236871436158,139.46078667815905,0.14908328815286465,110.70073442154582,2.516905660154337,52.12509723900388,0.9308105225559714,0.4956667510304607,0.0,0.0,0.0,0.0,0.0,0.0,0.0,0.0,0.0,0.0,0.0,0.0,0.0,0.0,0.0,0.0,0.0,0.0,0.0,0.0,0.0,0.0,0.0,0.0,0.0,0.0,0.0,0.0,239.77722765445506
"Grams","Cooked vegetables",138.97388554973182,466.0494933880458,0.0,1860.0920169628528,62.74448736483301,1.9958443670764108,36.06809051207353,7.66241740560079,1.4937246124231782,227.11246245163156,0.5797405429402207,0.12117278263529056,0.3721796309059488,0.08600465151985442,2.1213872021180435,1.6386184265565147,0.6769147759455592,32.36196118687534,1.314043507323262,1.3954305869853563,0.0074842821903331755,4.0221930592575355,250.5206532433361,52.50796594553662,221.57737019110772,0.06952744431416337,0.03138009983698985,16.123767588221412,4.128937503594731,0.2187059788204317,124.27053073712781,8.803427089824588,0.6678810480413939,1.4120826841703702,0.5552196446065756,0.12597999630821938,50.96517862572077,0.34276559554349656,2.2959395318556455,2.3758067081187373,0.07114781988886976,0.364728943665462,1.8464780031194779,2.6633744521372034,1.743817093179804,0.11816879081645655,2124.637321729303,0.3934393260027469,4.68418363455857,0.016900826948325672,356.6920639862526,0.016495523713680026,0.12504198396969196,19.676561026740774,0.01117186630407392,0.9698030511264446,122.2925585246794,0.4482524212609732,0.02222808587525303,0.00046291752098035985,0.0014607238210118955,0.0,19.28162417102928,1.6503999014475976,21.89566902263506,25.496667899201856,0.37973664951235364,0.03072436860154411,46.574917013274906,0.02717800083367803,0.0,0.0,0.0,0.0,0.0,0.0,0.027091237648487948,0.06399827807600568,0.0,0.0,0.0,0.0,0.0,0.0,0.0,0.09491826061212545,0.04459295100431312,0.13951121161643856,0.0,0.11826751655817168,0.2577787281746102,276.0765796362208
"Grams","Savoury sauces, pickles, gravies & condiments",40.40538349659874,2.808907553294759,0.0,120.1587588041993,6.122978145445599,0.744065884550342,18.27969608225011,5.353426178840065,3.5922860856659207,500.67350003035494,1.9351655986318077,0.21571469095596799,1.0374665667673049,0.04306055771292618,0.3937824860878292,4.144238859118365,0.48418260512526773,7.53423236926237,0.7784381263541442,0.7324473361688337,0.00465165508745086,2.6888034866930757,87.8849324542602,60.76312554799716,253.25383175318302,0.06185422870148243,0.004818103623110864,6.7404662000208155,1.0431158638358218,0.07847447937464025,352.8528406546661,2.688343955505311,0.47025514309607286,0.794297541899958,2.2260563079287343,0.010638213429842459,19.492085342121218,0.0909693838050253,0.863413259374462,6.211135347338735,0.041306475126291375,0.7013872231809669,0.7068312899315267,2.082171952106697,1.685111547446324,0.0612600590145921,124.63370195993168,0.13730129654056905,3.2707649037363753,0.032646817900992844,27.02316285927023,0.05666837486543267,0.0438031860542972,1.019194466403356,0.017224800463817618,1.3849951905941091,28.30434898596674,0.11786234195571128,0.2065264316770973,0.00672170005303484,0.091120031022343,0.0,4.47515825325903,2.921662880087455,0.06702452096793104,0.7250255077087231,0.14026465690844533,0.04908341923954393,0.8585844781503507,0.0002010761918575372,0.0,0.0,0.12061771291242501,0.0,0.0,0.0,0.0,0.0,0.0,0.0,0.0,0.017710050584603825,0.0,0.0013425156340041088,0.0,0.021052453407515773,0.18696244917191124,0.208014902579427,0.019052566218607937,0.12081878910428254,0.3478862579023174,122.41562774034311
"Grams","Salad and raw veg",52.980684089966694,195.8678269692482,0.0,510.40456653418715,10.207622008377756,0.5607174540409219,15.715448728739796,1.804204922837903,0.23614945409623805,54.873122527882515,0.18430293973137576,0.040193948142010036,0.12034440058193209,0.02060839947182725,0.6644294269830511,0.45360796195924596,0.21140078587367392,18.290007216325034,0.6725506015712361,0.6150416822857895,0.0,1.1957799224622117,118.92704461888857,13.092089008224471,55.6266131519675,0.0015084831388656145,0.0,5.933916762717352,1.6110883124622115,0.07623117089302119,14.656965809628332,3.311681272960666,0.21140078587367392,0.340976135798425,0.04936720024435722,0.007251709794308193,14.248923402600086,0.142160500435634,0.5702127712585927,0.6875449450059975,0.02391279555300753,0.07026173199046107,0.21113375906146278,0.07595576994011194,0.36252463923304823,0.039474937284906156,613.5253115322568,0.09934194040252739,1.6584037125555544,0.002038093459347664,102.9385271337633,0.0033879313242452243,0.04344788635988393,11.012066145144733,0.0005937999176422412,0.3144497790933901,48.72449151441801,0.09455121306573575,0.0,0.0,0.0,0.0,18.04038923079238,0.0,5.571949859708685,8.35057751564059,0.0,0.0,19.818505233466766,0.0,0.0,0.0,0.0,0.0,0.0,0.0,0.0,0.0,0.0,0.0,0.0,0.0,0.0,0.0,0.0,0.0,0.0,0.0,0.0,0.0,0.0,69.89913469190883
"Grams","Tap water",474.94268186093643,0.0,0.0,0.0,0.0,0.0,0.0,0.0,0.0,0.0,0.0,0.0,0.0,0.0,0.0,0.0,0.0,0.0,0.0,0.0,0.0,0.0,0.0,0.0,0.0,0.0,0.0,0.0,0.0,0.0,0.0,29.683917616308527,0.0,0.0,0.0,0.0,0.0,0.0,0.0,0.0,0.0,0.0,0.0,0.0,0.0,0.0,0.0,0.0,0.0,0.0,0.0,0.0,0.0,0.0,0.0,0.0,474.94268186093643,0.0,0.0,0.0,0.0,0.0,0.0,0.0,0.0,0.0,0.0,0.0,0.0,0.0,0.0,0.0,0.0,0.0,0.0,0.0,0.0,0.0,0.0,0.0,0.0,0.0,0.0,0.0,0.0,0.0,0.0,0.0,0.0,0.0,0.0,0.14248280455828094
"Grams","Nuts and seeds",5.063192616443284,0.0,0.0,0.6935543164224074,0.0,2.7217541379668897,4.542714837239181,0.7149468366306949,0.0,14.090733472242523,0.9682079035184952,0.04549566925104739,0.7063779585871478,0.046779923271993124,0.26117136423338777,2.2399209890814378,0.16643046459852115,2.9424275050287148,0.04565907857964314,0.04476854475827633,0.0,0.49186460963465484,33.22167419649899,26.36603043204893,109.28463719899649,0.0,0.0,9.435067379642526,0.19908707279190516,0.0914719635708327,9.037076712715233,0.27156190336424707,0.16643046459852115,0.5012487621104018,0.10109846211550436,0.0023416724161724055,19.978699826189,0.06648304795147895,0.8753009896357032,0.0325491064333538,0.008094245456410623,0.41369016264775116,0.7396423056062161,0.41467777618969737,0.20770274815860842,0.02150812051609545,0.6935543164224074,0.1594598536513667,0.3003419468913577,0.0005245965597090949,0.1500939239635423,0.0,0.021435894374831482,0.007606047665823704,0.0,0.40362532164711096,0.7020416385877808,0.15755786572787753,0.0,0.12663846464155645,0.0,0.0,0.0,0.0,0.0,0.0,0.02049028086142648,3.480380271142351,0.008131063833899397,0.0,0.0,0.0,0.0,0.0,0.0,0.0,0.0,0.0,0.0,0.0,0.0,0.0,0.0,0.0,0.0,0.0,0.0,0.0,0.0,0.0,0.0,16.5732392980075
"Grams","Potato",121.67830486770971,8.190116642414228,0.0,34.00069141871791,1.0093016077128618,0.19498532934990676,16.968134466082326,31.299263428092992,0.80760091581958,233.1467664052553,3.30100003419754,0.1769292587679571,1.566408032359289,0.11122605972814495,2.011248956268469,6.596060158062667,0.743928668930124,27.03929774079247,0.46455738662234575,0.5606509873397598,0.00013578016971826015,2.7820011794053836,634.3057413195803,189.61275696124542,799.5023780285387,0.04390086240375176,0.003979897929198832,31.294966326208243,1.4620247776287079,0.21643052012032238,92.1834842804557,8.262929475674918,0.74366757132618,1.7002541536522173,0.04123269875779525,0.004738971812823713,69.73531496238358,0.5325107407867813,3.2210161870746563,2.727831000751706,0.04162881351604947,1.1579194812902986,0.32455342187487074,29.801179904568667,0.43786245869295337,0.2190304943594046,38.60174804555103,0.5278796005491851,1.503333389146793,0.03278814782813391,9.134331078176794,0.0028656741860862978,0.17046147264269546,10.905596759556301,0.009617227974479338,1.4958961870620544,78.18569702043384,0.4349030991679364,0.0,0.0,0.0,0.0,0.02539090871208787,0.0,0.0,0.06820450961110272,0.0,0.05287514297906319,0.09105577868929007,0.0,0.0,0.0,0.01927382138393496,0.0,0.0,0.0,0.0,0.0,0.0,0.0,0.0,0.0,0.0,0.0,0.0,0.03433566982861008,0.00026294792633323096,0.034598617754943314,0.0,0.01927382138393496,0.053872439138878285,180.4911087140571
"Grams","Fish",35.80108257954221,0.09373132010978306,0.0,2.980916578806455,0.0865261837215952,1.119275123463828,15.927601076235868,2.2545963231798316,21.21141062101808,154.37642985006815,1.2237775780893188,0.3919017857390585,0.3434589345994856,0.04498920544537318,0.09045416369014742,2.9753146915138493,0.3252260646317117,3.259857302694721,0.015260079397142549,0.025649822823642778,0.11301097973462337,25.50779605684414,101.83185149918104,61.32496654939934,257.00176580202185,0.04980869582571533,0.05420725036249474,9.778709536351524,0.15956852889573853,0.027267473369253406,107.15838430281188,2.2685767597133815,0.21382059409806833,2.994713455632393,0.05586838850811324,0.004544205196537268,67.9769559420506,0.17397645855230667,6.520548688052275,6.761740374523997,0.04309051232071716,0.6723548746769276,12.142947716507528,2.040202621324589,0.06325103028726449,0.033329467816040494,3.090195114372561,1.0431737678254296,0.21581038589205798,0.02145321978373882,7.27311218756937,1.1431319586739321,0.06788871093254877,0.10723088526882711,0.8592923100924473,0.6116754618732407,23.67787118641835,0.265114634858935,0.00013208205228097743,0.0,0.002483287702995016,0.0,0.08208506568865079,0.055873759221175046,0.01669855882698191,0.014364244494344114,0.0065461153715840525,0.0,0.12291007510458914,0.0,0.0,0.0,0.0,0.0,0.0,0.01055962130730553,0.0,0.01689539409168885,0.0,0.0,9.992411673531615,9.04355251227087,4.3470007310830265,3.19362610426051,0.0,0.06804858209020632,1.5856562181451428e-05,0.06806443865238777,26.57659102114604,0.02745501539899438,26.672110475197428,150.35666331517632
"Grams","Rice",35.121680075002345,2.3149726105244732,0.0,10.01458940572078,0.09104957456277307,0.43450105282618623,5.101272891926244,10.33206177050792,1.4538129753177287,53.58593122023407,0.35191013001418286,0.03449109781518056,0.23262150990463915,0.031170479099553876,0.14417265515403505,0.8164548171266972,0.05449205758704123,1.9805617658545722,0.021661097381331415,0.009011784025227778,0.0008154889616084124,0.27296024161692034,13.007173212034223,50.62917018883461,214.97707230174117,0.013588962382118108,0.0,3.767127193459653,0.056846186999388246,0.11004633577415684,27.208024642653413,2.1157134288139834,0.05334596454002929,0.6660483428914481,0.01960331160645959,0.0071189923522717614,16.655739666279704,0.09280979524814321,1.1370550879019483,0.1209110303860328,0.004432415116257749,0.13120693586099091,1.7986777336193367,10.25399623954037,0.02260439989772997,0.014829505378931036,11.226682879887187,0.1943206887793041,0.07423884016211224,0.0017406853977480418,1.989064830957326,0.00628028576109728,0.014819409093255742,0.11054647117132353,0.002111894307309152,0.19174381252206193,22.806478688612376,0.15801516506329522,0.0,0.02028832987465425,0.0,0.0,0.005968777798086201,0.028075362235442502,0.01851864612255138,0.14421099278056643,0.014340603383467895,0.007608123702995343,0.5448694249167549,0.0,0.0,0.0,0.009947962996810335,0.0,0.0,0.0,0.0,0.13129121885907738,0.0,0.05730465235059756,0.0,0.0,0.0,0.07188465064076759,0.0,0.005462558080101724,0.0,0.005462558080101724,0.07188465064076759,0.19854383420648528,0.2758910429273546,164.7224205502772
" ","Legumes, beans, pulses",41.86454909175093,1.2001688186205304,0.0,42.52676222511655,0.027568040764666693,0.7747915074911258,16.698206114503236,5.507099418136104,0.055068123887475846,122.21483705746374,0.1509969514810767,0.05351000140562838,0.15346812591843506,0.07593626574010649,1.5624160589923006,0.48936715945876486,0.6541877312025901,13.657419107343204,0.21245082369315915,0.1756409371398624,0.0005326548880602705,0.44296601837604327,102.18323361971584,33.961717287105074,143.7905704688066,4.047735053163022e-05,0.0011627279627607092,12.205712500015723,0.8051865189978051,0.14800186289040576,67.88050800455721,2.5986629128788183,0.6536550763145297,0.764023936908072,0.9285931643328694,0.07143720398952144,37.80304180274991,0.06123426911554656,2.221909465500505,0.02469118382429443,0.019519353157516718,0.07453370098953871,1.0196077896582285,3.771285594760511,1.2720821126861752,0.09781443530302905,43.12974195868116,0.34980861782282546,1.7337138474700668,0.0011255855180703365,7.2599299681365626,0.0011582194969918256,0.0391262223637391,1.6261045179788822,0.0007529887007655196,0.1407652846493492,31.13573808173069,0.28522381641264477,0.0,0.0,0.020506409100841047,0.0,4.4181652583035405,1.4278228151792032,0.0,0.003219530162182829,16.090814160360544,0.0,14.38716285415934,0.0,0.0,0.0,0.0,0.0,0.0,0.0957853828040038,0.0,0.0,0.0,0.0,0.0,0.0,0.0,0.0,0.0,0.0,0.0,0.0,0.0,0.0957853828040038,0.0957853828040038,70.84629569314359
"Grams","Bacon, ham, pork",41.19276064521898,1.3703647486618542,0.0,5.038707557696827,0.014441829138303544,1.6113145243659326,17.45735841438378,1.6327848210540858,25.645454588931024,431.9790799989242,2.129448320669097,0.0773902139692942,0.6729830335742341,0.038521122557247954,0.23429466126034132,5.119112271306139,0.37349829313142924,1.5444700156666287,0.007407938574908436,0.13318203639615106,0.14837580790255978,2.6301697553060253,119.31745797028823,86.19039671245237,359.892495932121,0.01637198042510532,0.16610387451385397,8.401549395169683,0.29070688872585276,0.029860135725868375,302.04501426644356,2.578781619755217,0.22465885134045074,3.6987233473825016,0.06981825009245655,0.001607645374852034,94.56903426974364,0.4466767586453209,8.505984671942919,0.19773535732013342,0.06507202729371121,1.8775498697443216,4.513829446716214,1.2709189821843592,0.04192413207390062,0.22091943482754173,5.730454399817892,1.3634650555508845,0.3605251388183094,0.0353937065929653,1.1486398388146235,0.3406270262904171,0.15734182854359025,0.8153859120107396,0.30409695309754314,0.11764985860510258,24.964763161653874,0.78992720065732,0.0,0.0,0.0,0.0,0.04069970029885544,0.02212397387001634,0.05447556843215489,0.040533194952127455,0.0,0.0,0.1526342259889512,0.06646554342359587,0.0,8.375403323476515,18.003695378853326,0.0,0.0,13.414771476103713,0.0,0.0,0.0,0.0,0.0,0.0,0.0,0.0,0.0,0.0,0.0,0.0,0.0,39.860335721857155,39.860335721857155,192.65272213770385
"Grams","Milk and cream",279.93258962106034,0.22822039796061763,0.0,34.28406060871942,0.060707626330180384,6.926619122319529,334.88397491878646,17.196586762433597,22.699676270704895,275.42213396771183,1.61897418612295,0.0489537728191443,0.27863967433742715,0.023056739126416377,0.17141050006187294,7.177035892526484,0.15537772712341735,20.505020076831528,0.582419023757422,0.6559574045859288,0.0,75.36786860824584,450.39747610625403,168.4853013260628,710.5323793540074,11.256870540122323,0.10743981051498326,31.434638916578468,12.301548210676122,0.03362949866058645,130.95785634257354,17.68634673130679,0.15537772712341735,2.380200032413369,4.2769125614839645,0.6567081283755752,275.44009434596524,1.6374077454883378,9.874708854083428,70.74212523758179,0.6187412049549015,4.492471636431818,2.7364157408900374,0.6320013904307026,3.3165094888901203,0.12062379401858216,34.4536384914704,1.454008392749138,16.567147725169377,0.20964407819734765,76.67932139242595,1.8656624148742398,0.23236006462284908,4.713030650345276,0.0781838942340833,0.409950883619462,242.10718569389803,1.166494496016357,2.4329110286891007,0.001930449656062609,0.0872096179951932,0.04098303687934826,0.0,0.0,0.0,0.0,0.3382367002462908,0.12404955320943956,0.0,0.0,0.0,0.0,0.0,0.0,0.0,0.0,0.0,0.0,0.0,0.0,0.0,0.0,0.0,0.0,0.005255265989772628,0.0,0.2736234034098116,0.27887866939958417,0.0,0.0,0.27887866939958417,453.9985206530991
"Grams","Jam, marmalade, other preserves, sweet spreads",3.10869641514135,0.10154622286114019,0.0,0.308669323571998,0.0011408231032827597,0.03992802753279748,0.87461760438752,2.133336851600334,0.03619176306855622,0.6662816892477874,0.05404779538706442,0.0004590340703712175,0.016863501020523957,0.0029183278128108825,0.02060209254499597,0.11726840247622641,0.018925516157870175,0.07535623969475654,0.6237935687390388,0.7710784931909503,0.0,0.15402153323351564,2.912966696979037,9.187894707497355,39.052056874834605,0.010217096555258485,0.13935720155265918,0.34200554947033923,0.045327137557091744,0.007999077761511519,1.055170844314945,0.19749230410778246,0.018925516157870175,0.00918733883963527,2.078555447252623,0.0,0.8678310930669302,0.0007992936041746522,0.033984541589739854,0.029935213501961946,0.00082369571566957,0.04014316281750302,0.029745922559380144,0.009912335675442033,0.5791455806856173,0.00013833803353745014,0.35664762763765584,0.005690467864898274,2.1234193303653317,0.00023069760651406922,0.08719348254652444,0.0018014045227079225,0.0003692899521391012,0.1621311636024229,0.00017939650287612574,0.02459753850522413,0.7155748548471038,0.011979358790985913,0.7247600767283086,0.0066991548691235706,0.007286106284198082,0.0,0.0,0.0,0.0,0.0,0.0,0.04809631555147152,0.0,0.0,0.0,0.0,0.0,0.0,0.0,0.0,0.0,0.0,0.0,0.0,0.0,0.0,0.0,0.0,0.0,0.0,0.0,0.0,0.0,0.0,0.0,1.1813046377537142
"Grams","Tea",581.9827309415922,0.0,0.0,0.06907902108546432,0.0,0.0009625601702599368,0.6929497398361367,0.11315764656724961,0.0,5.6309784813584844,0.00025904632907049126,0.0,0.0,0.05487838654956336,0.0,0.007771389872114736,0.031193535937533615,5.658878296274367,0.0,0.0017269755271366082,0.0,5.487838654956321,106.03880463004398,0.49150211634629465,2.100654233634944,0.0,0.0017269755271366082,5.536373926307387,0.0,0.3915985531583115,0.6157382425209428,36.37392068384951,0.031193535937533615,0.031386047971585604,0.11315764656724961,0.009498365399251345,5.970708215073917,0.004275991032951123,0.031097279920507617,0.0,0.06089106899159643,0.00638980945040545,0.0,0.0,0.10106881787729337,9.625601702599368e-06,0.06907902108546432,0.0,0.11315764656724961,0.0,0.00863487763568304,0.0,0.0,1.029174414641222,0.0,0.0,580.1102523296901,0.0,0.0,0.0,0.0,0.0,0.0,0.0,0.0,0.0,0.0,0.0,0.0,0.0,0.0,0.0,0.0,0.0,0.0,0.0,0.0,0.0,0.0,0.0,0.0,0.0,0.0,0.0,0.0,0.0,0.0,0.0,0.0,0.0,0.0,47.04794446095554
"Grams","Coffee",349.8013860128104,0.0,0.0,1.1280707767217304,0.0,2.3754094122872322,19.149840056176235,1.0286080978172913,0.9526558630925174,14.095652328140439,0.05553929996446678,0.001602764547347775,0.00716361905705944,0.019299881683352397,0.0,0.24492760192450416,0.1108742660169426,0.7124199581172206,0.01317390792754745,0.011881204273346194,0.0,3.2321991605372546,110.7290862952021,8.790780733512761,37.08247973578806,0.5342642685075327,0.0016354080261625828,9.176219992748337,0.6158640291664228,0.0017341205059655353,7.913498242571135,21.87558424084125,0.1108742660169426,0.7725246725017088,0.3470340751182837,0.010211965704788706,20.22210718549983,0.061520322534336196,0.6760641958326663,2.063201798639767,0.03212712475385074,0.15588915916057822,0.16973757386559454,0.06454839844656594,0.39173134984532637,0.003560503334058855,1.1280707767217304,0.10586310756372695,0.9640596993707303,0.00851324260064561,2.2589370564333957,0.09272939483031689,0.01529175480386695,0.13523575238367613,0.0,0.014261128879135755,345.9833823416955,0.10029028333521588,0.0,0.0,0.0,0.0,0.0,0.0,0.0,0.0,0.0,0.0,0.0,0.0,0.0,0.0,0.0,0.0,0.0,0.0,0.0,0.0,0.0,0.0,0.0,0.0,0.0,0.0,0.0,0.0,0.0,0.0,0.0,0.0,0.0,27.265534441066077
"Grams","Alcoholic drinks",237.69274295507552,0.0,12.848849240946132,0.16174739519746595,0.0,2.6063918856666097,16.34997757851385,5.939896788777243,0.05574843857215769,45.317635378781475,0.006058125438239634,0.00011534159704584349,0.0003268011916298899,0.038801425042480506,0.0,0.028477843204636564,0.5051112438899408,18.501906019087016,0.547410931522618,1.7874805583823241,0.0,17.183215808828873,131.25017438130328,115.00289976074663,478.3620396953442,0.0013456519655348407,3.257809605008227,18.590926786274913,0.0015648038939397497,0.06541272642166171,17.645392624731496,14.85651963605596,0.5051112438899408,1.6586965853733413,5.937893681026491,0.0025438573190474873,38.719420285313326,0.042085840390161645,0.6066946350207881,0.33449063143294616,0.07334212628398937,0.01796560831346771,0.0,0.0004383038568098185,0.3428398032078271,3.844719901528117e-05,0.16174739519746595,0.025929506298140236,5.939458484920432,0.0009611799753820292,0.361403670743643,0.010264258320892177,0.14818341815169092,0.0,0.0,0.0011534159704584348,216.21381398713393,0.04007408159674547,0.0,0.0,0.0,0.0,0.0,0.0,0.0,0.0,0.0,0.0,0.0,0.0,0.0,0.0,0.0,0.0,0.0,0.0,0.0,0.0,0.0,0.0,0.0,0.0,0.0,0.0,0.0,0.0,0.0,0.0,0.0,0.0,0.0,223.42288884746833
"Grams","Beef and lamb",41.122547285448924,7.5002828904004,0.0,36.966771488995676,0.4661421975770352,0.731306740835695,12.00251083135307,2.3089148477439307,25.791518070493623,98.63334441314167,1.4932462319693778,0.055488923574017815,0.19112118278716916,0.03256400864073912,0.18111632903848388,3.962825200843948,0.7624015790829942,6.088096952229752,0.06310486879300478,0.1957340933857891,0.2665788309170095,4.057801410461725,114.17591324253014,77.84695879507757,326.0004282997242,0.03629900073398352,0.01196427880216214,8.894155476638474,0.3677681113049292,0.03410084941620691,73.53746152314393,2.6429580529464585,0.49527071999521805,3.3214959477357318,0.035929185148934784,0.0062886315776451785,67.88524578528884,0.23425952249480478,8.378455389723081,3.2206608371025536,0.06542047085786833,1.7242789856716219,3.0673088636254437,1.8981703951084081,0.09014122591528864,0.035851891464431615,40.886840796403334,1.3428433635118044,0.40324727867986554,0.18593719609223366,10.033154832603739,0.7524071415657626,0.10806020484625824,0.44953605330738733,0.19954126064966773,0.12969419549315733,25.94285709895879,1.6100385318899706,0.0026040177302405192,0.0,3.358240232629178e-05,0.0,0.9554938293682925,0.3617389859144813,0.1330453576040216,0.23331109934837205,0.22204684979639608,0.0,1.6298527236084965,19.92544576684303,6.102149413085109,0.0,0.07193128832524048,0.0,3.6337916951622216,0.0,0.0,0.0,0.0,0.0,0.0,0.0,0.0,0.0,0.0,0.03533877262193761,0.533937921588858,0.5692766942107955,0.0,29.73331816341561,30.302594857626406,545.331941583383
"Grams","Soft drinks, bottled water",463.694701789255,0.10663874691711739,0.0,96.28753458544996,0.02866880991813358,0.1313219222557707,13.718185230656973,14.206057354254092,0.0,4.944121664362758,2.569272747415241e-05,6.423181868538103e-05,0.00012846363737076206,0.0018922039233989318,0.00671032673281955,0.0006116075923309507,0.017817780674742514,1.2528988513368018,3.7187358827393386,4.12509822552075,0.0,0.15536043740357794,21.835780948467676,54.43239144483858,229.6186388087091,0.0,0.20053372251454937,3.6353147863685447,0.0,0.003306244332050581,22.8874622104085,28.98091886182844,0.017923407247206303,0.7436514137870718,14.196431650564193,0.049807489489556996,39.712583188643215,0.20066303478394676,0.04957043491419917,0.2672018178590612,0.008728568690128289,0.00035468031758942656,0.0010562657246378773,0.00931867029214274,6.118998750923067,0.0021693711431666606,96.35466023100525,0.004708939886634654,14.196342791058502,0.0,16.33902638712801,0.10709477547029558,0.12932004384265952,8.238717636507545,0.0,0.018840361672228308,449.96491820938934,0.003965960511093118,0.0,0.0,10.931295503554933,0.0,0.0,0.0,0.0,0.015132235613918596,0.0,0.0,0.015835167615306515,0.0,0.0,0.0,0.0,0.0,0.0,0.0,0.0,0.0,0.0,0.0,0.0,0.0,0.0,0.0,0.0,0.0,0.0,0.0,0.0,0.0,0.0,119.7789309893905
"Grams","Chocolate",12.22963672032527,0.04823713794759197,0.0,3.25417105998283,0.0,0.550558733965902,19.065291466208194,7.502365110727608,1.8283775846135832,26.041629827502202,1.0634224647157982,0.010014431203859487,0.14638015744637836,0.03574142918464337,0.16812963199930303,3.2078847445399656,0.22364289996366685,1.1990159939438545,0.07667278203077149,0.32432268308679935,0.0,4.125288620170717,44.743003006798816,59.926365632711324,251.14836694492658,0.8391436681398542,0.2347962803904661,6.0994526982454556,0.9653447506493046,0.05258184546448031,14.374501436002552,0.7644060902151548,0.22364289996366685,0.26375529250353247,5.930740042896193,0.2900200326177079,21.93582564432159,0.08145642970757612,0.7295124859815276,5.091834990983354,0.03882758092837429,1.7937470539983056,0.36429848134674186,0.6074648417363399,5.132221178699914,0.011708068384126483,3.2833603490572765,0.11827953886815219,6.896532395367412,0.020102826369344295,5.657939631485897,0.09277517900950187,0.01067890054546456,0.0027511822206072586,0.018142381704398466,0.1829697503391149,0.4544320645066573,0.11336266267848889,0.0,0.14676442328959333,0.0,0.0,0.0,0.0,0.0,0.0,0.0,0.3214498218421126,0.0,0.0,0.0,0.0,0.0,0.0,0.0,0.0,0.0,0.0,0.0,0.0,0.0,0.0,0.0,0.0,0.0,0.0,0.0,0.0,0.0,0.0,0.0,102.39503050554717
"Grams","Other meat",18.12341948438148,0.6569935778679084,0.0,5.162751503217644,0.02001686616976293,0.807237453716014,8.565827078460131,3.0801543606360235,10.104104685425416,151.639579232743,1.2869999879049796,0.044748252101541375,0.3169252241331387,0.045270651320614114,0.18048890725853553,3.221369767334171,0.39611500212491074,2.3847860160695533,0.015755277016985994,0.05538895083460084,0.13698759853852122,1.394631009596746,31.755879417609314,49.58369071455584,206.9909992675122,0.007698648015075226,0.09675462232690404,2.838856697327116,0.2166730389867894,0.03542646572008409,95.86798687572032,1.1418968096765163,0.2585097983974714,0.901403880261145,0.01813131557791541,0.0055770552496462915,23.56804203880048,0.1652670595209432,2.264184202997072,112.66407010884785,0.04979961022725755,1.3432952040352166,1.7776721204268096,2.844413508898322,0.05570184663848969,0.02468781533032705,5.505612589616531,0.3623858624863831,0.23180483399074395,0.03218354286266875,113.57952352884507,0.35014104675242014,0.031285347807156555,0.2769809762756084,0.06100463368961022,0.18439914208742633,8.86430117445876,0.32749200533836526,0.008713736420851215,0.005522918827244501,9.731928429958308e-05,0.0,0.0046482315309278755,0.05961832392704048,0.100323599522696,0.030069133904058735,0.0,0.0,0.411251328585664,1.3288442124593278,0.010254332350057124,0.34967805642403665,2.4667883975016607,0.2828459081266094,0.0,1.4745558190815637,1.422514391084578,0.3896007854580245,0.0,0.8081225017647223,0.0,0.0,0.0,0.0,0.0,0.0,0.11116920178724782,0.11116920178724782,0.0,8.533204404250581,8.64437360603783,164.90175054430875
"Capsule","Dietary supplements",0.9210595700489698,0.0,0.0,17.18994483710535,0.0,6.548063254116419,17.37241773314591,0.02342731844292669,0.5764437517986065,0.0,0.05203999940827346,0.044638402226635364,0.03145853972749427,0.06089272647271948,0.0008785861242852498,0.16195715816758485,1.1258485972822985,42.28114328972623,0.004428875616498345,0.0017034264409908455,0.0,20.03891189147453,0.6606793608550402,1.5634856641617614,6.3651559900055625,0.0,0.005859809029311065,6.8081190114709935,0.005478775721980715,0.09968081691257975,0.005140004565319662,1.9254699007830456,1.1258485972822985,2.7289755068806247,0.01652029577391354,0.001221815222241384,3.03336593056649,1.3027198982831045,0.0009387611952023951,78.47964310711039,0.4807974887590041,0.023293895737541176,3.7404032591228997,0.0014282469470324292,0.008785145186852618,0.5710368084503104,17.18994483710535,0.00022206797005881791,0.021999071495894265,0.0,81.34430517424893,4.340637737762638,0.876991044923637,37.09885376276031,2.405180658294768,1.7849939665057468,0.7194211450654003,0.9482056676050552,0.0,0.0,0.0,0.0,0.0,0.0,0.0,0.0,0.0,0.0,0.0,0.0,0.0,0.0,0.0,0.0,0.0,0.0,0.0,0.0,0.0,0.0,0.0,0.0,0.0,0.0,0.0,0.0,0.0,0.0,0.0,0.0,0.0,0.0
" ","Commercial toddlers foods and drinks",0.09386760690094767,0.22922025081519498,0.0,0.2921990821035283,0.005673768584534529,0.0017318503370495062,0.04324780476298059,0.03299608759726187,8.91592850674417e-05,0.15151654047389604,0.0017668872929934554,0.00014610493370234947,0.0019119443800013017,0.00016219236084251328,0.0017178084837759257,0.005941448189124786,0.0010509854169605947,0.06965483648894588,0.006556903036091322,0.002370244922809284,6.946922356818013e-05,0.009415166688986338,0.2240368144853615,0.18853679669553822,0.7975827973861765,0.00036879495799474444,2.8368842922672647e-05,0.022132514282115823,0.004051743644482727,0.0005804021905275095,0.13877722752402866,0.005850379562380198,0.0009815161933924145,0.002601574162081329,0.007657426705620539,0.0,0.05951844330469632,0.000204525852796538,0.0032364947898212114,0.017345530769290428,0.00012197760431699255,0.0019684442634445953,0.0032177092661927185,0.02128691724715862,0.002379069488321227,0.0003918348675872538,0.4096460918033931,0.0005034500723073787,0.011709170350103264,1.7318503370495062e-05,0.08599813064215824,2.8368842922672647e-05,5.970966201426002e-05,0.009390087007404646,0.00031705580693734323,0.0018288917186812957,0.05059582985454992,0.00044112404195588016,0.0567376858453453,0.0,0.0,0.0,0.0,0.0,0.0,0.0,0.0,0.0,0.0,0.0,0.0,0.0,0.0,0.0,0.0,0.0,0.0,0.0,0.0,0.0,0.0,0.0,0.0,0.0,0.0,0.0,0.0,0.0,0.0,0.0,0.0,0.24658901905985828
